{
  "assetsByChunkName": {
    "vendors~app-account~app-confirmation~app-order": "chunk.2875862211820ff77bca.js",
    "vendors~app-account~app-checkout": "chunk.c5590d04c179f5194093.js",
    "vendors~app-cart~app-checkout": "chunk.3b4811dccfb601ddf7a3.js",
    "admin": [
      "admin.e0aa7b4e7063b244f2dc.js",
      "admin.e0aa7b4e7063b244f2dc.js.map"
    ],
    "app-account": "chunk.322094d1a9bc0fc34ccc.js",
    "app-checkout": "chunk.a6024fde26547f660762.js",
    "app-confirmation": "chunk.9db29f5a11e44ad43099.js",
    "checkout": [
      "checkout.3317c6b38f45822cbbb3.js",
      "checkout.3317c6b38f45822cbbb3.js.map"
    ],
    "storefront": [
      "storefront.465ecb49cde2e100a396.css",
      "storefront.85c08020d1f9af740448.js",
      "storefront.465ecb49cde2e100a396.css.map",
      "storefront.85c08020d1f9af740448.js.map"
    ],
    "vendors~app-cart": "chunk.65a0c1cb87616a58a9e9.js",
    "vendors~app-order": "chunk.80adf675b65a0c22a206.js"
  }
}