{
  "title": "Contato",
  "meta_title": "Contato",
  "meta_description": "Contato",
  "body": "/",
  "sections": [
    {
      "type": "custom-html",
      "html": "<div class=\"style-text\">\n    <span>Fale conosco</span>\n    <p>\n\n    </p>\n</div>\n\n<div class=\"style-text\">\n    <span></span>\n    <p>\n    </p>\n    <p style=\" text-align: center; font-size: 16px;\">Estamos prontos para atendê-lo, deixe seu recado e responderemos o\n        mais rápido possível.</p>\n    <p></p>\n</div>\n\n<div class=\"row\">\n    <div class=\"col-md-3 col-sm-6\">\n        <div class=\"banner_prs\">\n            <img class=\"jQLazy\" src=\"/img/uploads/icone-banner-email.png\"\n                data-original=\"/img/uploads/icone-banner-email.png\" alt=\"\" title=\"\" style=\"display: inline;\">\n        </div>\n        <div class=\"style-text\">\n            <span>EMAIL </span>\n            <p>\n            </p>\n            <p style=\"text-align: center;\">ecommerce@www.fishingco.com.br</p>\n            <p></p>\n        </div>\n    </div>\n    <div class=\"col-md-3 col-sm-6\">\n        <div class=\"banner_prs\">\n            <img class=\"jQLazy\" src=\"/img/uploads/banner-icone-telefone.png\"\n                data-original=\"/img/uploads/banner-icone-telefone.png\" alt=\"\" title=\"\" style=\"display: inline;\">\n        </div>\n        <div class=\"style-text\">\n            <span>TELEFONE</span>\n            <p>\n            </p>\n            <p style=\"text-align: center;\">(51) 9 9995-8232</p>\n            <p></p>\n        </div>\n    </div>\n    <div class=\"col-md-3 col-sm-6\">\n        <div class=\"banner_prs\">\n            <img class=\"jQLazy\" src=\"/img/uploads/banner-icone-instagram.png\"\n                data-original=\"/img/uploads/banner-icone-instagram.png\" alt=\"\" title=\"\" style=\"display: inline;\">\n        </div>\n        <div class=\"style-text\">\n            <span>INSTAGRAM</span>\n            <p>\n            </p>\n            <p style=\"text-align: center;\">@fishing.company</p>\n            <p></p>\n        </div>\n    </div>\n    <div class=\"col-md-3 col-sm-6\">\n        <div class=\"banner_prs\">\n            <img class=\"jQLazy\" src=\"/img/uploads/banner-icone-facebook.png\"\n                data-original=\"/img/uploads/banner-icone-facebook.png\" alt=\"\" title=\"\" style=\"display: inline;\">\n        </div>\n        <div class=\"style-text\">\n            <span>FACEBOOK</span>\n            <p>\n            </p>\n            <p style=\"text-align: center;\">@FishingCoOficial</p>\n            <p></p>\n        </div>\n    </div>\n</div>"
    }
  ]
}