{
  "marketing_stripe": {
    "text": "RASTREAMENTO  CLIQUE AQUI",
    "link": "https://www.fishingco.com.br/pages/rastreamento",
    "color": "#ffffff",
    "background": "#000000"
  },
  "contacts_stripe": {
    "pages": [
      {
        "title": "Sobre nós",
        "link": "/pages/sobre-nos"
      },
      {
        "title": "Suporte",
        "link": "/pages/contato"
      },
      {
        "title": "Rastreamento",
        "link": "https://www.fishingco.com.br/pages/rastreamento"
      }
    ],
    "phone_wpp": true,
    "socials": true
  },
  "categories_list": {
    "featured": [],
    "random": 6,
    "full_width": true
  },
  "search_input": true,
  "popup": ""
}